{
  "feature_means": {
    "CreditLimit": 41241.4,
    "UtilisationPct": 51.70166666666667,
    "AvgPaymentRatio": 48.197,
    "MinDuePaidFrequency": 30.306333333333335,
    "MerchantMixIndex": 0.6580199999999999,
    "CashWithdrawalPct": 23.124333333333333,
    "RecentSpendChangePct": -4.3406666666666665
  },
  "feature_stds": {
    "CreditLimit": 21272.08201370361,
    "UtilisationPct": 26.31001208920792,
    "AvgPaymentRatio": 30.588081577277656,
    "MinDuePaidFrequency": 26.039595108091703,
    "MerchantMixIndex": 0.17487616616098295,
    "CashWithdrawalPct": 22.504614944202398,
    "RecentSpendChangePct": 26.399777694322708
  },
  "target_rate": 0.22366666666666668
}